,City,Lat,Lng,Max Temp,Humidity,Cloudiness,Wind Speed,Country,Date
0,Atuona,-9.8,-139.03,79.32,76,5,16.58,PF,1594850166
1,Saint-Augustin,51.23,-58.65,59.81,50,1,8.99,CA,1594850669
2,Lebu,-37.62,-73.65,52.12,91,100,0.6,CL,1594850670
3,Vila Velha,-20.33,-40.29,69.8,88,90,8.05,BR,1594850670
4,Busselton,-33.65,115.33,59.0,94,34,22.93,AU,1594850670
5,Yuli,9.7,10.27,74.37,89,80,5.14,NG,1594850670
6,Hobart,-42.88,147.33,43.0,87,75,6.93,AU,1594850186
7,Pangnirtung,66.15,-65.71,64.4,52,75,19.46,CA,1594850163
8,Bluff,-46.6,168.33,39.0,83,44,3.0,NZ,1594850671
9,Coquimbo,-29.95,-71.34,53.6,76,75,8.05,CL,1594850671
10,Krasnoborsk,61.56,45.93,58.19,94,100,7.54,RU,1594850671
11,Bethel,41.37,-73.41,78.01,65,75,5.82,US,1594850009
12,Rikitea,-23.12,-134.97,74.41,83,100,8.93,PF,1594850148
13,Port Elizabeth,-33.92,25.57,44.6,81,0,4.7,ZA,1594850403
14,Ejido,8.55,-71.24,72.93,63,70,2.84,VE,1594850672
15,Esim,4.87,-2.24,74.23,84,96,6.49,GH,1594850672
16,Hay River,60.82,-115.8,62.6,63,75,5.82,CA,1594850410
17,Nouadhibou,20.93,-17.03,69.8,88,0,14.99,MR,1594850672
18,Tuktoyaktuk,69.45,-133.04,57.2,50,75,11.41,CA,1594850171
19,Vila Franca do Campo,37.72,-25.43,68.0,72,75,10.29,PT,1594850673
20,Te Anau,-45.42,167.72,32.05,94,84,0.65,NZ,1594850673
21,Matara,5.95,80.54,78.53,84,100,6.46,LK,1594850673
22,Arlit,18.74,7.39,96.42,16,0,8.7,NE,1594850673
23,Albany,42.6,-73.97,87.01,47,23,2.06,US,1594850168
24,New Norfolk,-42.78,147.06,43.0,90,100,2.33,AU,1594850674
25,Los Llanos de Aridane,28.66,-17.92,71.6,73,75,13.87,ES,1594850674
26,Vaini,-21.2,-175.2,75.2,83,20,9.17,TO,1594850674
27,Valday,57.97,33.25,51.49,98,100,8.37,RU,1594850674
28,Fomboni,-12.28,43.74,77.04,75,46,24.87,KM,1594850675
29,Alanya,36.54,32.0,75.2,94,0,2.24,TR,1594850675
30,Ponta do Sol,32.67,-17.1,69.8,64,20,18.34,PT,1594850668
31,Rawson,-43.3,-65.1,43.97,62,99,6.58,AR,1594850444
32,Butaritari,3.07,172.79,82.69,75,78,15.14,KI,1594850159
33,Saldanha,-33.01,17.94,46.4,75,0,4.7,ZA,1594850676
34,Olafsvik,64.89,-23.71,49.96,91,100,19.13,IS,1594850676
35,Longyearbyen,78.22,15.64,44.6,75,75,2.24,SJ,1594850499
36,Russell,32.35,-85.2,89.6,83,75,5.82,US,1594849958
37,Empangeni,-28.76,31.89,55.45,66,70,3.49,ZA,1594850676
38,Ust-Nera,64.57,143.2,61.66,49,79,2.73,RU,1594850677
39,Castro,-24.79,-50.01,53.74,86,2,4.76,BR,1594850677
40,Ketchikan,55.34,-131.65,57.2,100,90,17.22,US,1594850089
41,Khani,41.96,42.96,73.4,88,75,3.36,GE,1594850677
42,Ushuaia,-54.8,-68.3,30.2,92,20,5.82,AR,1594850152
43,Saskylakh,71.92,114.08,63.37,50,99,20.24,RU,1594850183
44,Vanimo,-2.67,141.3,78.73,84,13,4.85,PG,1594850177
45,Asău,46.43,26.4,57.99,86,46,4.72,RO,1594850189
46,Chui,-33.7,-53.46,42.89,69,0,4.09,UY,1594850678
47,Puerto Ayora,-0.74,-90.35,72.0,80,91,3.0,EC,1594850678
48,East London,-33.02,27.91,55.06,55,0,6.15,ZA,1594850678
49,Port Hardy,50.7,-127.42,64.4,82,75,9.17,CA,1594850420
50,Mount Isa,-20.73,139.5,44.6,56,1,9.17,AU,1594850679
51,Chokurdakh,70.63,147.92,36.55,90,100,13.09,RU,1594850679
52,Qaanaaq,77.48,-69.36,42.33,83,100,7.0,GL,1594850679
53,Lorengau,-2.02,147.27,82.76,67,59,4.34,PG,1594850181
54,Rincon,32.3,-81.24,95.0,50,75,11.41,US,1594850680
55,Cabo San Lucas,22.89,-109.91,93.2,44,5,5.82,MX,1594850400
56,Hilo,19.73,-155.09,82.4,65,90,9.17,US,1594850680
57,Kapaa,22.08,-159.32,81.0,74,40,11.41,US,1594850400
58,Isangel,-19.55,169.27,73.4,94,20,3.36,VU,1594850177
59,Dingle,11.0,122.67,75.65,91,56,4.83,PH,1594850680
60,Port Alfred,-33.59,26.89,53.44,42,0,4.79,ZA,1594850681
61,Acarí,-15.43,-74.62,71.71,49,3,4.72,PE,1594850681
62,Provideniya,64.38,-173.3,48.2,81,90,8.95,RU,1594850179
63,Mahébourg,-20.41,57.7,71.6,73,75,11.41,MU,1594850178
64,San Patricio,19.22,-104.7,86.0,74,75,7.0,MX,1594850681
65,Cape Town,-33.93,18.42,46.4,81,0,2.24,ZA,1594850682
66,Codrington,-38.27,141.97,40.01,92,40,4.72,AU,1594850166
67,Mataura,-46.19,168.86,39.0,83,12,3.0,NZ,1594849943
68,La Ronge,55.1,-105.28,62.6,72,90,18.34,CA,1594850682
69,Katherine,-14.47,132.27,59.0,62,33,9.17,AU,1594850682
70,Alcañiz,41.05,-0.13,72.0,49,0,1.99,ES,1594850682
71,Khartoum,15.55,32.53,86.0,51,68,18.34,SD,1594850683
72,Leningradskiy,69.38,178.42,45.86,78,93,13.47,RU,1594849959
73,Port Macquarie,-31.43,152.92,57.0,66,28,5.01,AU,1594850593
74,Verkhnetulomskiy,68.61,31.8,51.8,81,1,4.47,RU,1594850683
75,Dunedin,-45.87,170.5,44.01,85,24,6.17,NZ,1594850683
76,Mossamedes,-15.2,12.15,65.7,88,24,7.63,AO,1594850222
77,Hong Kong,22.29,114.16,86.0,85,100,8.01,HK,1594850522
78,Bandarbeyla,9.49,50.81,80.82,67,50,31.0,SO,1594850684
79,Bintulu,3.17,113.03,75.2,94,40,6.93,MY,1594850209
80,Bredasdorp,-34.53,20.04,39.2,86,35,1.12,ZA,1594850684
81,Avarua,-21.21,-159.78,73.4,60,84,6.93,CK,1594850175
82,Kavieng,-2.57,150.8,82.71,69,2,3.2,PG,1594850685
83,Pisco,-13.7,-76.22,64.4,77,20,6.93,PE,1594850685
84,Anloga,5.79,0.9,75.2,88,20,10.29,GH,1594850685
85,Punta Arenas,-53.15,-70.92,33.8,86,75,6.93,CL,1594850685
86,Suffolk,40.87,-72.8,77.0,64,20,6.93,US,1594850685
87,Kathu,7.92,98.33,84.0,94,20,1.12,TH,1594850686
88,Harar,9.31,42.13,61.5,89,100,7.31,ET,1594850686
89,Saint-Louis,16.33,-15.0,87.8,62,15,4.7,SN,1594850686
90,Nhulunbuy,-12.23,136.77,73.4,64,31,6.93,AU,1594850686
91,Ţahţā,26.77,31.5,83.3,19,0,12.55,EG,1594850686
92,College,64.86,-147.8,70.0,56,1,5.82,US,1594850687
93,Sigli,5.38,95.96,78.48,76,92,3.76,ID,1594850687
94,Lázaro Cárdenas,17.96,-102.2,86.9,66,82,8.3,MX,1594850687
95,Eydhafushi,5.1,73.07,83.8,77,100,13.87,MV,1594850687
96,Storm Lake,42.64,-95.21,79.0,60,1,6.93,US,1594850688
97,Kaitangata,-46.28,169.85,44.01,85,45,4.41,NZ,1594850688
98,Narsaq,60.92,-46.05,57.2,54,5,10.29,GL,1594850469
99,Santiago del Estero,-27.8,-64.26,57.2,42,46,8.43,AR,1594850688
100,Departamento de Maldonado,-34.67,-54.92,46.4,81,0,6.93,UY,1594850606
101,Khorinsk,52.17,109.77,62.37,88,58,4.94,RU,1594850689
102,Tuatapere,-46.13,167.68,39.0,83,70,3.0,NZ,1594850165
103,Birjand,32.87,59.22,78.8,22,0,13.87,IR,1594850689
104,Mount Gambier,-37.83,140.77,37.4,100,36,6.93,AU,1594850689
105,Jamestown,42.1,-79.24,84.0,51,40,6.93,US,1594850689
106,Caravelas,-17.71,-39.25,72.41,83,9,5.21,BR,1594850018
107,Banikoara,11.3,2.44,73.58,94,100,3.2,BJ,1594850690
108,Farafangana,-22.82,47.83,67.42,87,17,11.83,MG,1594850690
109,Diu,20.71,70.98,79.72,87,100,10.8,IN,1594850402
110,Ouadda,8.08,22.4,68.61,92,100,0.72,CF,1594850690
111,Revelstoke,50.98,-118.2,62.6,72,90,4.7,CA,1594850572
112,Rundu,-17.93,19.77,53.6,23,0,5.82,NA,1594850691
113,Port Lincoln,-34.73,135.87,52.29,76,0,5.44,AU,1594850691
114,Mar del Plata,-38.0,-57.56,48.99,75,0,8.05,AR,1594850691
115,Gao,16.64,1.64,84.36,60,40,10.94,ML,1594850691
116,Airai,-8.93,125.41,54.66,98,82,3.87,TL,1594850213
117,Haines Junction,60.75,-137.51,62.82,46,64,5.77,CA,1594850691
118,Calvinia,-31.47,19.78,41.13,60,0,9.28,ZA,1594850692
119,Palu,-0.89,119.87,75.96,83,100,1.7,ID,1594850692
120,George Town,5.41,100.34,78.8,94,20,4.68,MY,1594850608
121,Nueva Loja,0.08,-76.88,72.23,93,98,1.86,EC,1594850692
122,Berlevåg,70.86,29.09,55.4,87,82,3.36,NO,1594850184
123,Bereket,39.24,55.52,78.06,79,74,16.71,TM,1594850693
124,Hermanus,-34.42,19.23,42.01,89,52,1.01,ZA,1594850693
125,Okhotsk,59.38,143.3,58.86,89,88,8.72,RU,1594850693
126,Iqaluit,63.75,-68.51,60.8,51,20,4.7,CA,1594850411
127,San Cristobal,7.77,-72.22,89.6,49,40,9.17,VE,1594850693
128,Ostrovnoy,68.05,39.51,49.23,79,0,6.87,RU,1594850693
129,Ilulissat,69.22,-51.1,46.4,75,75,3.36,GL,1594850694
130,Upernavik,72.79,-56.15,42.66,90,83,4.61,GL,1594850176
131,Ayan,56.45,138.17,58.01,86,100,11.03,RU,1594850694
132,Muisne,0.6,-80.03,75.81,83,77,9.6,EC,1594850694
133,Maceió,-9.67,-35.74,77.0,78,1,6.93,BR,1594850611
134,Cidreira,-30.18,-50.21,49.48,64,0,4.99,BR,1594850646
135,Vardø,70.37,31.11,53.6,81,35,3.36,NO,1594850695
136,Port Hedland,-20.32,118.57,55.4,54,0,5.82,AU,1594850695
137,Hithadhoo,-0.6,73.08,83.46,73,100,5.26,MV,1594850695
138,Traverse City,44.76,-85.62,73.99,88,90,3.36,US,1594850554
139,Tornio,65.85,24.15,51.8,100,15,2.24,FI,1594850696
140,Kruisfontein,-34.0,24.73,42.91,63,0,1.99,ZA,1594850696
141,Rome,43.21,-75.46,84.99,45,1,3.36,US,1594850623
142,Wahpeton,46.27,-96.61,82.0,42,1,12.75,US,1594850573
143,Wilhelmshaven,53.52,8.13,57.99,93,75,2.24,DE,1594850697
144,Mehamn,71.04,27.85,50.0,87,84,3.36,NO,1594850198
145,Tottori-shi,35.5,134.23,68.0,94,75,2.24,JP,1594850418
146,Viedma,-40.81,-63.0,45.12,61,79,6.96,AR,1594850413
147,Bosaso,11.28,49.18,92.8,43,52,18.41,SO,1594850698
148,Muroto-misakicho,33.28,134.15,74.43,81,100,9.33,JP,1594850432
149,Salinópolis,-0.61,-47.36,78.91,84,3,11.79,BR,1594850698
150,Half Moon Bay,37.46,-122.43,80.01,56,75,10.29,US,1594850680
151,Norman Wells,65.28,-126.83,77.0,38,20,3.36,CA,1594850698
152,Linqiong,30.42,103.46,78.8,69,40,2.24,CN,1594850699
153,Khovu-Aksy,51.13,93.6,43.97,71,33,1.72,RU,1594850699
154,Turochak,52.26,87.12,51.46,91,94,1.83,RU,1594850699
155,Morón,-34.65,-58.62,52.0,49,0,6.69,AR,1594850223
156,Bathsheba,13.22,-59.52,86.0,66,40,12.75,BB,1594850699
157,Samarai,-10.62,150.67,78.49,86,26,14.88,PG,1594850699
158,Hailey,43.52,-114.32,78.8,27,5,14.99,US,1594850201
159,Thompson,55.74,-97.86,62.6,93,90,11.41,CA,1594849941
160,Barrow,71.29,-156.79,44.6,75,1,9.17,US,1594850700
161,Alofi,-19.06,-169.92,77.0,69,75,12.75,NU,1594850700
162,Ribeira Grande,38.52,-28.7,69.46,80,100,4.65,PT,1594850701
163,Arraial do Cabo,-22.97,-42.03,68.0,68,75,3.36,BR,1594850701
164,Yangi Marg`ilon,40.43,71.72,78.8,39,40,2.24,UZ,1594850701
165,Road Town,18.42,-64.62,84.2,74,40,12.75,VG,1594850652
166,Ambilobe,-13.2,49.05,67.53,87,35,2.15,MG,1594850701
167,Cherskiy,68.75,161.3,45.16,64,100,4.14,RU,1594850702
168,Xai-Xai,-25.05,33.64,62.02,60,5,13.85,MZ,1594850702
169,Simpang,-1.27,104.08,72.55,98,7,2.62,ID,1594850702
170,Pedernales,18.04,-71.74,89.6,59,40,17.22,DO,1594850585
171,Dhārchula,29.85,80.53,68.05,73,37,1.59,IN,1594850702
172,Port Blair,11.67,92.75,81.07,82,92,9.95,IN,1594850702
173,Alghero,40.56,8.32,69.8,83,7,2.24,IT,1594850703
174,Hasaki,35.73,140.83,64.4,93,75,8.05,JP,1594850703
175,Sabinópolis,-18.67,-43.08,61.34,92,15,3.42,BR,1594850703
176,Smolenskaya Oblast’,55.0,33.0,51.4,95,100,9.78,RU,1594850703
177,Khor,47.89,134.95,69.06,90,25,6.78,RU,1594850704
178,Klaksvík,62.23,-6.59,50.0,100,100,9.17,FO,1594850704
179,Maniitsoq,65.42,-52.9,45.72,72,79,16.37,GL,1594850220
180,Buala,-8.14,159.59,76.8,89,100,15.52,SB,1594850198
181,Nome,64.5,-165.41,51.8,81,90,8.05,US,1594850185
182,Belaya Gora,68.53,146.42,43.41,75,97,9.91,RU,1594850705
183,Geraldton,-28.77,114.6,55.4,87,90,13.87,AU,1594850170
184,Calama,-22.47,-68.93,69.8,3,0,16.11,CL,1594850705
185,Walvis Bay,-22.96,14.51,71.6,14,0,17.22,NA,1594850705
186,Esperance,-33.87,121.9,48.2,81,90,12.75,AU,1594850706
187,Mareeba,-17.0,145.43,55.99,99,6,2.42,AU,1594850216
188,Tasiilaq,65.61,-37.64,46.4,70,0,6.93,GL,1594850706
189,Camacha,33.08,-16.33,69.8,73,75,13.87,PT,1594850706
190,Bambous Virieux,-20.34,57.76,71.6,73,75,11.41,MU,1594850706
191,Dudinka,69.41,86.18,48.2,87,75,4.47,RU,1594850707
192,Grindavik,63.84,-22.43,51.8,93,75,18.34,IS,1594850200
193,Riyadh,24.69,46.72,102.2,15,30,6.93,SA,1594850707
194,Marzuq,14.4,46.47,82.81,36,100,4.56,YE,1594850707
195,Rudnyy,52.96,63.12,71.6,53,0,4.47,KZ,1594850707
196,Sonoita,31.85,-112.83,106.0,17,21,1.99,MX,1594850708
197,Saint-Philippe,-21.36,55.77,66.2,72,43,4.7,RE,1594850708
198,Inhambane,-23.86,35.38,62.56,68,20,14.14,MZ,1594850708
199,Petropavlovsk-Kamchatskiy,53.05,158.65,55.4,100,90,4.47,RU,1594850708
200,Atikokan,48.76,-91.62,80.65,25,18,16.78,CA,1594850708
201,Havre-St-Pierre,50.23,-63.6,68.0,49,1,5.82,CA,1594850155
202,São Paulo de Olivença,-3.38,-68.87,84.63,64,41,1.92,BR,1594850709
203,Pacific Grove,36.62,-121.92,71.01,60,1,14.99,US,1594850709
204,Nanortalik,60.14,-45.24,42.67,88,40,9.64,GL,1594850709
205,Newport,51.59,-3.0,64.0,82,73,5.61,GB,1594850511
206,Hendaye,43.37,-1.77,64.99,82,75,4.7,FR,1594850710
207,Tessalit,20.2,1.01,90.77,34,60,21.05,ML,1594850216
208,Shenjiamen,29.96,122.3,72.81,96,94,14.34,CN,1594850710
209,São Filipe,14.9,-24.5,77.56,81,33,9.24,CV,1594850710
210,Challapata,-18.9,-66.77,45.34,46,0,2.86,BO,1594850710
211,Sitka,57.05,-135.33,59.0,82,75,9.17,US,1594850711
212,Pevek,69.7,170.31,45.81,84,100,3.06,RU,1594850178
213,Hirado,33.36,129.55,70.0,94,75,6.93,JP,1594850711
214,Auki,-8.77,160.7,76.12,85,100,5.23,SB,1594850711
215,Nikolskoye,59.7,30.79,60.8,67,20,6.71,RU,1594850172
216,Alabushevo,56.01,37.15,59.0,87,90,6.71,RU,1594850711
217,Umluj,25.02,37.27,84.65,46,0,7.45,SA,1594850712
218,Ancud,-41.87,-73.82,46.4,100,90,4.7,CL,1594850712
219,Isabela,6.71,121.97,78.01,86,92,5.37,PH,1594850712
220,Key West,24.56,-81.78,90.0,62,75,4.7,US,1594850644
221,Hambantota,6.12,81.12,77.0,100,94,5.82,LK,1594850713
222,Imbituba,-28.24,-48.67,55.4,71,0,6.93,BR,1594850435
223,Tambovka,50.1,128.05,73.4,78,20,2.24,RU,1594850713
224,Paamiut,61.99,-49.67,43.97,82,2,21.97,GL,1594850713
225,Visnes,59.36,5.22,57.0,87,20,4.7,NO,1594850713
226,Balkhash,46.84,74.98,74.19,55,26,15.84,KZ,1594850714
227,Huarmey,-10.07,-78.15,66.43,73,7,10.47,PE,1594850714
228,Cleethorpes,53.56,-0.03,60.01,87,100,5.82,GB,1594850537
229,Potters Bar,51.69,-0.18,63.0,87,90,6.93,GB,1594850714
230,Avera,33.19,-82.53,96.8,39,1,4.7,US,1594850182
231,Musoma,-1.5,33.8,72.61,64,90,4.36,TZ,1594850715
232,Fuerte Olimpo,-21.04,-57.87,79.32,55,16,2.04,PY,1594850715
233,Sovetskaya Gavan',48.97,140.29,62.69,80,7,8.43,RU,1594850715
234,Puri,19.8,85.85,78.8,94,75,15.7,IN,1594850715
235,Piraju,-23.19,-49.38,61.77,77,0,11.34,BR,1594850459
236,Maiduguri,11.85,13.16,82.8,60,7,4.7,NG,1594850716
237,Nālūt,30.33,10.85,86.56,22,1,11.81,LY,1594850208
238,Naze,28.37,129.48,80.6,88,75,13.87,JP,1594850716
239,Hervey Bay,-25.3,152.85,51.01,69,0,8.01,AU,1594850716
240,Kumul,42.8,93.45,78.42,20,93,12.8,CN,1594850182
241,Innisfail,-17.53,146.03,58.95,69,2,5.64,AU,1594850716
242,Arkansas City,37.06,-97.04,91.99,49,1,9.17,US,1594850717
243,Iwanai,42.97,140.51,64.98,80,48,3.0,JP,1594850717
244,Dikson,73.51,80.55,40.05,97,93,7.16,RU,1594850175
245,Arman',59.7,150.17,60.33,75,97,1.28,RU,1594850208
246,Juneau,58.3,-134.42,57.99,82,90,4.07,US,1594850703
247,Mabaruma,8.2,-59.78,79.27,83,32,4.88,GY,1594850717
248,Nemuro,43.32,145.57,53.89,90,100,7.7,JP,1594850718
249,Sisimiut,66.94,-53.67,45.12,77,99,3.85,GL,1594849945
250,Yellowknife,62.46,-114.35,62.6,67,75,11.41,CA,1594850159
251,Beloha,-25.17,45.05,61.43,77,16,8.57,MG,1594850219
252,Garden Acres,37.96,-121.23,91.0,31,1,5.82,US,1594850718
253,Seymchan,62.88,152.43,58.05,51,32,7.58,RU,1594850719
254,Hualmay,-11.1,-77.61,65.39,73,8,11.3,PE,1594850719
255,Moi,58.46,6.55,55.99,86,25,3.2,NO,1594850719
256,Lagoa,39.05,-27.98,68.83,83,100,14.38,PT,1594850719
257,Banjar,-8.19,114.97,78.8,100,40,13.87,ID,1594850720
258,Altamira,-3.2,-52.21,86.0,66,20,2.24,BR,1594850720
259,Sørland,67.67,12.69,57.2,82,75,3.36,NO,1594850226
260,Lompoc,34.64,-120.46,69.8,60,2,13.87,US,1594850720
261,Santander,43.46,-3.8,66.99,77,75,2.24,ES,1594850720
262,Yulara,-25.24,130.99,33.8,55,0,5.82,AU,1594850466
263,Fairbanks,64.84,-147.72,72.0,60,1,4.7,US,1594850553
264,Numan,9.47,12.03,74.57,90,21,4.14,NG,1594850721
265,Necochea,-38.55,-58.74,44.01,76,0,5.01,AR,1594850721
266,Furukawa,38.57,140.96,60.8,93,75,3.36,JP,1594850722
267,Örnsköldsvik,63.29,18.72,50.0,93,88,2.24,SE,1594850722
268,Shelburne,44.08,-80.2,84.2,45,1,14.99,CA,1594850722
269,Saint Paul Harbor,57.79,-152.41,66.2,52,1,8.05,US,1594850722
270,Charters Towers,-20.1,146.27,53.85,43,0,8.32,AU,1594850722
271,Morada Nova,-5.11,-38.37,79.5,55,82,5.28,BR,1594850722
272,Atkarsk,51.87,45.01,57.36,89,1,6.62,RU,1594850723
273,Paramonga,-10.67,-77.83,64.42,77,13,10.33,PE,1594850723
274,Muravlenko,63.79,74.52,63.0,87,89,21.68,RU,1594850723
275,Cairns,-16.92,145.77,59.0,72,0,12.75,AU,1594850494
276,Impfondo,1.64,18.07,71.04,95,97,1.1,CG,1594850724
277,Diego de Almagro,-26.37,-70.05,55.85,49,0,2.82,CL,1594850724
278,Tiksi,71.69,128.87,36.61,87,2,18.79,RU,1594850724
279,Egvekinot,66.32,-179.17,52.36,79,66,5.08,RU,1594850724
280,Batticaloa,7.71,81.69,80.8,79,100,2.59,LK,1594850724
281,Clyde River,70.47,-68.59,66.2,45,1,14.99,CA,1594850724
282,Río Gallegos,-51.62,-69.22,26.6,100,90,8.05,AR,1594850514
283,Mahon,39.89,4.27,71.6,73,0,5.82,ES,1594850725
284,Sulangan,11.14,123.72,82.44,75,77,10.27,PH,1594850725
285,Togul,53.47,85.91,52.3,76,100,4.97,RU,1594850725
286,Nurota,40.56,65.69,75.2,38,0,11.41,UZ,1594850725
287,Saint George,37.1,-113.58,102.99,8,1,9.17,US,1594850429
288,Adrar,20.5,-10.07,96.4,23,0,16.02,MR,1594850726
289,Djebeniana,35.03,10.91,82.4,69,20,10.29,TN,1594850726
290,Gamba,-2.65,10.0,71.4,90,66,1.72,GA,1594850726
291,Shenzhen,22.55,114.07,86.0,99,98,1.01,CN,1594850211
292,São José da Coroa Grande,-8.9,-35.15,75.45,79,11,7.47,BR,1594850726
293,Tabou,4.42,-7.35,74.3,81,95,7.45,CI,1594850727
294,Petra,30.32,35.48,68.77,54,0,4.18,JO,1594850727
295,Aklavik,68.22,-135.01,57.2,82,75,6.93,CA,1594850195
296,Meulaboh,4.14,96.13,77.38,90,100,4.94,ID,1594850171
297,Cooma,-36.23,149.13,37.4,100,90,11.41,AU,1594850727
298,Laas,46.62,10.7,55.99,93,75,3.36,IT,1594850727
299,Bonavista,48.65,-53.11,48.0,79,100,15.01,CA,1594850185
300,Guía de Isora,28.21,-16.78,75.0,73,20,13.87,ES,1594850728
301,Springfield,37.22,-93.3,93.0,52,40,12.75,US,1594850183
302,Carutapera,-1.2,-46.02,76.84,87,2,7.81,BR,1594850214
303,Bengkulu,-3.8,102.27,77.32,80,83,3.71,ID,1594850728
304,Mackenzie,55.3,-123.17,60.8,82,100,6.26,CA,1594850729
305,Flin Flon,54.77,-101.86,66.2,68,90,16.11,CA,1594850729
306,Nelson Bay,-32.72,152.15,53.6,62,75,18.34,AU,1594850636
307,Almaznyy,48.04,40.05,64.4,63,97,6.71,RU,1594850729
308,Veracruz,19.33,-96.67,90.0,66,20,10.29,MX,1594850730
309,Srikakulam,18.3,83.9,80.26,84,5,10.56,IN,1594850730
310,Onega,63.91,38.14,52.48,71,100,9.13,RU,1594850222
311,Mana,5.66,-53.78,79.16,84,1,9.13,GF,1594850730
312,Amapá,1.0,-52.0,74.73,89,5,2.71,BR,1594850730
313,Broome,42.25,-75.83,82.0,42,1,3.36,US,1594850730
314,Raja,8.46,25.68,70.41,91,98,3.47,SS,1594850731
315,Turukhansk,65.82,87.98,47.32,78,63,8.97,RU,1594850731
316,Tiruppuvanam,9.83,78.27,81.72,66,100,7.63,IN,1594850731
317,Salamanca,40.83,-6.0,75.0,45,29,5.01,ES,1594850731
318,Bolshoy Lug,52.08,104.09,57.2,87,40,17.9,RU,1594850732
319,Verkhnevilyuysk,63.45,120.32,69.87,64,100,4.18,RU,1594850732
320,Carauari,-4.88,-66.9,83.41,64,29,2.28,BR,1594850578
321,Chapais,49.78,-74.85,73.4,49,90,10.29,CA,1594850732
322,Hendersonville,36.3,-86.62,95.0,41,20,9.17,US,1594850655
323,Inírida,3.87,-67.92,80.83,79,100,1.92,CO,1594850732
324,Kānker,20.27,81.49,74.03,91,11,4.27,IN,1594850733
325,Gwadar,25.12,62.33,83.37,82,93,6.89,PK,1594850733
326,Kamaishi,39.27,141.88,61.48,88,100,5.77,JP,1594850213
327,Daru,-9.08,143.21,77.22,88,82,19.24,PG,1594850733
328,Fort Nelson,58.81,-122.7,66.2,55,75,5.82,CA,1594850733
329,Yatou,37.15,122.38,69.87,93,19,4.47,CN,1594850734
330,Pimenteiras,-6.25,-41.42,82.0,42,77,3.98,BR,1594850734
331,Ixtapa,20.7,-105.2,89.01,70,40,11.41,MX,1594850172
332,Rutland,43.62,-73.02,80.6,39,1,8.05,US,1594850581
333,Deputatsky,69.3,139.9,38.95,74,94,11.23,RU,1594850207
334,Mosquera,4.71,-74.23,64.4,52,40,5.82,CO,1594850734
335,Nyurba,63.28,118.33,70.12,75,100,4.05,RU,1594850735
336,Kasongo-Lunda,-6.47,16.82,72.55,57,1,0.6,CD,1594850735
337,Cayenne,4.93,-52.33,82.4,74,5,2.24,GF,1594850735
338,Sidrolândia,-20.93,-54.96,78.8,57,40,3.36,BR,1594850736
339,Quatre Cocos,-20.21,57.76,71.6,73,75,11.41,MU,1594850736
340,Pimentel,-6.84,-79.93,69.8,64,30,9.17,PE,1594850198
341,Korla,41.76,86.15,73.45,38,43,11.52,CN,1594850197
342,Souillac,-20.52,57.52,71.6,73,75,11.41,MU,1594850736
343,Villablino,42.94,-6.32,69.01,67,64,1.01,ES,1594850736
344,Kapit,2.02,112.93,72.54,95,100,0.72,MY,1594850737
345,Odesskoye,54.21,72.97,62.19,84,31,4.16,RU,1594850737
346,Santa Fe,-31.63,-60.7,55.0,46,32,6.67,AR,1594850737
347,Zaysan,47.47,84.87,67.3,47,0,7.58,KZ,1594850737
348,Nishihara,26.18,127.76,84.2,83,90,17.22,JP,1594850737
349,Pouso Alegre,-22.23,-45.94,64.71,79,42,3.27,BR,1594850738
350,Garden City,42.33,-83.33,87.01,48,75,11.41,US,1594850738
351,Aparecida do Taboado,-20.09,-51.09,77.47,41,17,4.32,BR,1594850717
352,Zliten,32.47,14.57,78.26,66,0,9.62,LY,1594850738
353,Faanui,-16.48,-151.75,77.86,86,10,16.87,PF,1594850181
354,Vestmannaeyjar,63.44,-20.27,52.88,93,100,29.24,IS,1594850739
355,Emerald,-23.53,148.17,41.0,75,0,3.36,AU,1594850733
356,Puerto Escondido,15.85,-97.07,84.2,74,75,8.05,MX,1594850443
357,Gigmoto,13.78,124.39,81.48,78,100,6.51,PH,1594850739
358,Kalabo,-14.97,22.68,55.67,32,0,9.51,ZM,1594850739
359,Esparta,15.74,-87.18,89.6,70,20,4.7,HN,1594850739
360,Mayya,61.73,130.28,62.6,82,10,6.71,RU,1594850740
361,Prien,30.18,-93.27,95.0,55,1,9.17,US,1594850740
362,Arrondissement de Calais,50.92,1.83,60.01,93,100,10.92,FR,1594850740
363,Derazhnya,49.27,27.43,56.66,86,15,2.98,UA,1594850740
364,Moyale,3.52,39.06,67.39,66,99,9.71,KE,1594850740
365,Todos Santos,23.45,-110.22,81.0,78,53,7.0,MX,1594850741
366,Praia,14.92,-23.51,78.8,74,75,11.41,CV,1594850741
367,Qingdao,36.1,120.37,73.0,94,0,2.24,CN,1594850702
368,Shenyang,41.79,123.43,71.6,94,0,6.71,CN,1594850737
369,Touros,-5.2,-35.46,77.0,88,40,5.82,BR,1594850171
370,Okha,53.57,142.95,61.61,82,94,9.06,RU,1594850741
371,Iracoubo,5.48,-53.2,79.56,81,0,10.56,GF,1594850742
372,Bowen,-20.02,148.23,59.0,93,0,4.7,AU,1594850742
373,Cankuzo Province,-3.13,30.58,64.02,66,100,3.56,BI,1594850742
374,Micheweni,-4.97,39.83,76.75,77,50,14.63,TZ,1594850218
375,Kuytun,54.34,101.5,50.23,81,58,11.39,RU,1594850742
376,Cockburn Town,21.46,-71.14,86.0,66,75,11.41,TC,1594850561
377,Gravdal,68.12,13.5,57.2,82,75,3.36,NO,1594850743
378,Talaya,61.38,152.75,54.43,65,100,7.54,RU,1594850743
379,Aleksandrov Gay,50.15,48.57,71.85,53,100,9.71,RU,1594850743
380,Goderich,43.75,-81.72,84.99,53,42,14.07,CA,1594850743
381,Kathmandu,27.72,85.32,71.6,94,75,1.21,NP,1594850744
382,Distrikt Brokopondo,4.75,-55.17,81.12,72,15,3.78,SR,1594850523
383,Zhigansk,66.77,123.37,65.05,58,21,9.91,RU,1594849957
384,Husavik,66.04,-17.34,51.8,93,75,5.82,IS,1594850744
385,Novomykolayivka,47.98,35.91,64.99,67,1,2.24,UA,1594850744
386,Abu Samrah,35.3,37.18,73.65,58,0,7.29,SY,1594850744
387,Chokwé,-24.53,32.98,56.57,72,0,6.33,MZ,1594850745
388,Rafaela,-31.25,-61.49,57.0,34,100,4.0,AR,1594850446
389,Constitución,-35.33,-72.42,53.47,79,6,5.68,CL,1594850145
390,Kuching,1.55,110.33,75.2,94,20,3.56,MY,1594850745
391,Shīeli,44.17,66.75,76.06,29,0,11.56,KZ,1594850745
392,Ouésso,1.61,16.05,71.01,93,96,1.07,CG,1594850746
393,Minervino Murge,41.08,16.08,69.01,82,20,5.82,IT,1594850746
394,Sirte,31.21,16.59,76.5,76,0,11.79,LY,1594850219
395,Babati,-4.22,35.75,62.55,79,86,5.08,TZ,1594850746
396,Icod de los Vinos,28.37,-16.71,75.0,90,37,1.99,ES,1594850746
397,Bubaque,11.28,-15.83,78.6,88,100,21.65,GW,1594850175
398,Virginia Beach,36.85,-75.98,88.0,51,20,12.75,US,1594850618
399,Nicoya,10.15,-85.45,80.6,83,75,4.7,CR,1594850747
400,Tingi,-11.3,35.03,56.37,64,18,6.76,TZ,1594850747
401,Kavaratti,10.57,72.64,82.9,77,100,21.12,IN,1594850747
402,Beyneu,45.32,55.2,82.71,22,0,9.82,KZ,1594850748
403,Sinnamary,5.38,-52.95,79.74,80,7,11.25,GF,1594850748
404,Tumen,42.97,129.84,63.86,86,96,1.59,CN,1594850748
405,Yuriria,20.2,-101.15,80.6,36,40,2.24,MX,1594850748
406,Marfino,55.7,37.38,61.0,100,75,4.47,RU,1594850748
407,Samarinda,-0.5,117.15,71.91,98,97,2.24,ID,1594850748
408,San Marcos,33.14,-117.17,84.99,56,1,9.17,US,1594850670
409,Vila,42.03,-8.16,73.4,46,31,4.7,PT,1594850749
410,Sambava,-14.27,50.17,68.97,85,58,8.63,MG,1594850749
411,Cap Malheureux,-19.98,57.61,71.6,73,75,11.41,MU,1594850749
412,Estelle,29.85,-90.11,91.4,79,75,5.82,US,1594850749
413,Alta Floresta,-9.88,-56.09,78.73,31,0,3.27,BR,1594850750
414,Lavrentiya,65.58,-171.0,48.38,84,87,3.87,RU,1594850750
415,Qasigiannguit,68.82,-51.19,46.4,75,75,3.36,GL,1594850750
416,Marabu,4.41,114.01,75.2,100,40,3.36,MY,1594850588
417,Koygorodok,60.45,51.0,63.41,94,83,4.9,RU,1594850750
418,Port-Gentil,-0.72,8.78,77.0,78,90,11.77,GA,1594850199
419,Makurdi,7.74,8.51,73.72,93,85,5.06,NG,1594850751
420,Rusape,-18.53,32.13,48.31,87,96,12.53,ZW,1594850751
421,Waingapu,-9.66,120.26,71.04,84,24,9.89,ID,1594850751
422,Edd,13.93,41.69,91.4,51,100,6.35,ER,1594850751
423,Qena,26.16,32.72,88.23,16,0,9.98,EG,1594850752
424,Isugod,9.34,118.12,78.51,79,47,3.51,PH,1594850752
425,Acapulco de Juárez,16.86,-99.89,87.8,74,75,3.36,MX,1594850752
426,Jalu,29.03,21.55,82.63,35,0,11.52,LY,1594850752
427,Tateyama,34.98,139.87,69.8,88,75,2.24,JP,1594850503
428,Lubumbashi,-11.66,27.48,57.63,36,41,7.61,CD,1594850752
429,Kununurra,-15.77,128.73,66.2,37,35,8.05,AU,1594850753
430,Usinsk,65.99,57.53,44.92,78,92,6.08,RU,1594850753
431,Cap-aux-Meules,47.38,-61.86,57.2,76,75,16.11,CA,1594850753
432,Ekhabi,53.51,142.97,62.83,81,93,9.4,RU,1594850753
433,Singaraja,-8.11,115.09,77.31,75,37,4.81,ID,1594850753
434,Keshabpur,22.92,89.21,79.83,91,75,5.99,BD,1594850754
435,Riviere-au-Renard,49.0,-64.4,66.2,52,5,6.93,CA,1594850754
436,Vao,-22.67,167.48,70.14,74,52,22.57,NC,1594850193
437,Khatanga,71.97,102.5,56.53,67,100,10.09,RU,1594850754
438,Tomatlán,19.93,-105.25,91.09,60,18,8.57,MX,1594850227
439,Mokhsogollokh,61.47,128.92,69.57,61,42,0.54,RU,1594850202
440,Kirkwall,58.98,-2.96,53.6,87,99,5.82,GB,1594850755
441,Kiryat Gat,31.61,34.76,80.01,70,0,2.28,IL,1594850193
442,Yong’an,39.7,113.69,66.78,74,43,3.24,CN,1594850755
443,Vredendal,-31.67,18.5,52.3,43,0,11.63,ZA,1594850756
444,Sainte-Suzanne,-20.91,55.61,69.8,73,20,14.99,RE,1594850756
445,Jérémie,18.65,-74.12,84.33,77,35,6.24,HT,1594850756
446,Kitimat,54.05,-128.65,59.0,93,90,16.11,CA,1594850756
447,Kloulklubed,7.04,134.26,83.32,71,76,4.85,PW,1594850756
448,Sibu,2.3,111.82,77.0,94,40,3.36,MY,1594850183
449,Atar,20.52,-13.05,95.13,20,0,5.86,MR,1594850757
450,Palmas Bellas,9.23,-80.09,88.0,70,40,13.87,PA,1594850757
451,Dingcheng,32.13,115.04,68.63,97,100,5.28,CN,1594850757
452,Troitskoye,52.98,84.68,53.71,76,70,8.93,RU,1594850757
453,Baytown,29.74,-94.98,95.0,58,10,15.08,US,1594850757
454,Fredericksburg,38.3,-77.46,91.4,43,1,11.41,US,1594850703
455,Khāsh,28.22,61.22,78.85,26,24,6.13,IR,1594850173
456,Severo-Yeniseyskiy,60.37,93.04,41.65,96,26,4.14,RU,1594850758
457,Yeppoon,-23.13,150.73,50.0,66,0,6.93,AU,1594850758
458,Bhīmunipatnam,17.88,83.43,78.8,94,75,2.24,IN,1594850758
459,Huron,41.15,-82.55,87.01,52,18,4.0,US,1594850759
460,Abu Dhabi,24.47,54.37,95.0,63,0,1.12,AE,1594850462
461,San Andrés,12.58,-81.7,86.0,79,90,10.29,CO,1594850759
462,Metu,8.3,35.58,58.66,99,100,1.25,ET,1594850759
463,Krasnaya Zarya,52.78,37.68,51.51,96,100,15.23,RU,1594850759
464,Ubari,26.59,12.78,85.75,20,0,8.28,LY,1594850759
465,Chernyshevskiy,63.01,112.47,58.66,97,100,7.81,RU,1594850760
466,Barra de Tecoanapa,16.52,-98.75,87.93,59,47,10.45,MX,1594850760
467,Telimele,10.92,-13.33,70.18,98,100,4.81,GN,1594850760
468,Dhanera,24.52,72.02,84.09,78,98,6.26,IN,1594850760
469,Medina,24.47,39.61,96.8,9,0,3.89,SA,1594850761
470,Tromsø,69.65,18.96,57.2,76,90,13.87,NO,1594850761
471,Palāsa,18.77,84.42,79.0,87,10,7.61,IN,1594850761
472,Flinders,-34.58,150.86,55.0,61,99,4.0,AU,1594850761
473,Srednekolymsk,67.45,153.68,46.15,58,96,8.48,RU,1594850761
474,Shakawe,-18.37,21.85,48.11,43,0,7.83,BW,1594850761
475,Bireun,5.2,96.7,77.49,82,89,3.33,ID,1594850762
476,Muros,42.78,-9.06,64.0,72,0,15.99,ES,1594850762
477,Sfântu Gheorghe,45.87,25.78,50.0,73,86,3.0,RO,1594850762
478,Gurlan,41.84,60.39,78.8,34,0,9.17,UZ,1594850762
479,Kārsiyāng,26.88,88.28,62.44,100,94,3.29,IN,1594850763
480,Contamana,-7.33,-75.02,85.41,58,54,4.18,PE,1594850763
481,Hofn,64.25,-15.21,51.42,92,100,10.16,IS,1594850763
482,Assiut,27.18,31.18,82.6,39,0,18.16,EG,1594850763
483,Banepā,27.63,85.52,71.6,94,75,1.12,NP,1594850763
484,Wajir,1.75,40.06,76.17,56,45,18.01,KE,1594850764
485,Homer,59.64,-151.55,66.99,59,1,13.87,US,1594850666
486,Camaná,-16.62,-72.71,65.07,68,0,4.47,PE,1594850764
487,Yinchuan,38.47,106.27,77.68,46,97,7.23,CN,1594850764
488,Upington,-28.45,21.26,41.0,35,0,4.7,ZA,1594850764
489,Ahipara,-35.17,173.17,60.64,91,68,6.6,NZ,1594849946
490,Yanliang,34.66,109.23,75.99,94,73,2.24,CN,1594850765
491,Maragogi,-9.01,-35.22,75.18,79,13,7.16,BR,1594850765
492,Coolum Beach,-26.53,153.1,50.0,72,0,1.99,AU,1594850765
493,Korhogo,9.45,-5.63,74.71,79,86,5.88,CI,1594850765
494,Nefteyugansk,61.1,72.6,68.0,88,40,6.71,RU,1594850745
495,Sesheke,-17.48,24.3,46.4,36,0,2.24,ZM,1594850766
496,Nouakchott,18.09,-15.98,75.2,78,0,12.75,MR,1594850227
497,Novikovo,51.15,37.89,54.18,75,92,11.88,RU,1594850766
498,Sabha,27.04,14.43,85.59,21,0,13.02,LY,1594850766
499,Bambanglipuro,-7.95,110.28,75.36,88,86,9.31,ID,1594850206
500,Marathon,44.9,-89.77,66.2,82,90,5.82,US,1594850767
501,Rockhampton,-23.38,150.5,50.0,66,0,6.93,AU,1594850767
502,Lafiagi,8.87,5.42,74.05,91,47,4.94,NG,1594850480
503,Novopokrovka,49.84,36.55,57.2,82,4,4.47,UA,1594850767
504,Pokhara,28.23,83.98,73.04,86,97,1.28,NP,1594850768
505,Gazli,40.13,63.45,81.23,19,0,7.83,UZ,1594850768
506,West Bay,19.37,-81.42,89.6,75,75,9.17,KY,1594850768
507,Pochutla,15.74,-96.47,89.6,59,75,9.17,MX,1594850768
508,Bonthe,7.53,-12.51,76.73,80,92,12.35,SL,1594850768
509,Aksarka,66.56,67.8,45.23,94,62,4.97,RU,1594850768
510,Igarka,67.47,86.58,47.86,82,99,7.83,RU,1594850200
511,Itarema,-2.92,-39.92,78.17,77,6,13.11,BR,1594850769
512,Krupanj,44.37,19.36,62.6,88,97,1.12,RS,1594850769
513,Siniscola,40.57,9.69,73.4,60,3,9.17,IT,1594850769
514,Zastron,-30.3,27.08,29.59,81,0,2.28,ZA,1594850770
515,Fortuna,40.6,-124.16,70.0,68,20,14.99,US,1594850770
516,Namatanai,-3.67,152.43,81.9,73,9,2.84,PG,1594850770
517,Ribas do Rio Pardo,-20.44,-53.76,79.99,40,72,6.8,BR,1594850770
518,Tanabe,33.73,135.37,73.0,89,96,5.93,JP,1594850770
519,Buraidah,26.33,43.98,96.8,20,0,17.22,SA,1594850770
520,Semporna,4.48,118.61,75.2,100,20,6.51,MY,1594850771
521,Muscle Shoals,34.74,-87.67,95.0,49,1,5.82,US,1594850771
522,Sur,22.57,59.53,85.78,62,22,10.54,OM,1594850186
523,Bouna,9.27,-3.0,72.1,89,100,6.35,CI,1594850771
524,São João da Barra,-21.64,-41.05,69.8,77,90,11.41,BR,1594850771
525,Catuday,16.29,119.81,80.94,82,26,7.07,PH,1594850772
526,Shchors,51.82,31.95,51.58,86,57,4.9,UA,1594850772
527,Westport,41.14,-73.36,78.8,57,1,8.05,US,1594850709
528,San Fernando del Valle de Catamarca,-28.47,-65.79,62.01,54,0,0.87,AR,1594850772
529,Alyangula,-13.85,136.42,68.0,77,24,4.7,AU,1594850772
530,Portland,45.52,-122.68,87.01,30,20,12.75,US,1594850495
531,Loíza,18.43,-65.88,86.0,66,40,13.87,PR,1594850773
532,Brigantine,39.41,-74.36,78.8,65,40,11.41,US,1594850773
533,Wanning,18.8,110.4,81.07,87,53,10.31,CN,1594850773
534,Forsytheganj,52.63,29.73,49.26,89,41,2.55,BY,1594850773
535,Kangaatsiaq,68.31,-53.46,42.13,91,98,6.24,GL,1594850774
536,Pilar,-9.6,-35.96,77.0,78,0,6.93,BR,1594850774
537,Timberlake,37.32,-79.26,91.4,41,1,5.82,US,1594850774
538,Katsuura,35.13,140.3,69.8,88,75,2.24,JP,1594850179
539,Jamame,0.07,42.75,75.7,83,100,11.39,SO,1594850775
540,LaBelle,26.76,-81.44,75.2,94,75,6.93,US,1594850775
541,Yumaguzino,52.9,56.39,72.45,48,0,7.31,RU,1594850775
542,Parry Sound,45.35,-80.03,81.0,58,100,6.46,CA,1594850775
543,High Level,58.52,-117.14,71.6,37,20,8.05,CA,1594850775
544,Umba,66.69,34.34,48.22,80,10,4.32,RU,1594850776
545,Monrovia,6.3,-10.8,75.63,77,80,9.93,LR,1594850776
546,Margate,51.38,1.39,62.01,88,100,1.01,GB,1594850776
547,Lüderitz,-26.65,15.16,71.6,18,0,17.22,NA,1594850776
548,Lichinga,-13.31,35.24,50.77,71,18,14.38,MZ,1594850776
549,Itoman,26.12,127.67,84.2,89,75,21.92,JP,1594850777
550,Torbay,47.67,-52.73,50.0,100,90,19.46,CA,1594849947
551,Merauke,-8.47,140.33,77.58,86,82,16.46,ID,1594850777
552,Marawi,8.0,124.29,73.0,93,100,5.01,PH,1594850777
553,Puerto Boyacá,5.98,-74.59,89.17,58,10,0.56,CO,1594850777
554,Mafra,-26.11,-49.81,46.0,93,0,1.01,BR,1594850621
555,Morgan City,29.7,-91.21,89.6,66,1,10.29,US,1594850778
556,Rochegda,62.8,43.25,53.91,92,100,8.84,RU,1594850778
557,Woodland,38.68,-121.77,99.0,38,40,11.41,US,1594850778
558,Lata,40.16,-8.33,78.01,60,0,2.24,PT,1594850778
559,Saint-Pierre,-21.34,55.48,66.2,72,45,4.7,RE,1594850183
560,Ntcheu,-14.82,34.64,54.82,77,14,10.94,MW,1594850779
561,Pemba,-12.97,40.52,73.4,73,20,21.92,MZ,1594850779
562,Newton,42.34,-71.21,73.99,64,42,6.93,US,1594850595
563,Finnsnes,69.23,17.98,55.4,87,68,10.29,NO,1594850779
564,Bedelē,8.46,36.35,55.2,100,100,1.95,ET,1594850779
565,Gimli,50.63,-96.99,73.99,64,91,5.99,CA,1594850765
566,Savinskiy,62.93,40.14,53.71,81,100,11.05,RU,1594850780
567,Araouane,18.9,-3.53,89.98,43,74,10.56,ML,1594850780
568,Bac Lieu,9.29,105.72,79.92,84,89,1.77,VN,1594850780
569,Plettenberg Bay,-34.05,23.37,52.03,44,0,3.51,ZA,1594850780
570,Solnechnyy,50.72,136.63,72.97,78,76,3.96,RU,1594850780
571,Wanaka,-44.7,169.15,32.0,85,21,1.99,NZ,1594850781
572,Griffith,41.53,-87.42,82.4,78,75,8.72,US,1594850767
573,Neiafu,-18.65,-173.98,78.8,78,40,9.17,TO,1594850781
574,Slonim,53.09,25.32,56.68,90,24,3.51,BY,1594850781
575,Flagstaff,35.2,-111.65,88.0,21,40,8.05,US,1594850769
576,Bagdarin,54.43,113.6,64.33,87,88,0.89,RU,1594850782
577,Ginir,7.13,40.7,57.22,96,98,9.98,ET,1594850219
578,Kirakira,-10.45,161.92,80.04,79,100,5.95,SB,1594850782
579,West Wendover,40.74,-114.07,89.6,11,1,6.93,US,1594850583
580,Xinpu,34.6,119.16,69.96,92,5,5.08,CN,1594850782
581,Saint-Joseph,-21.37,55.62,66.2,72,39,4.7,RE,1594850783
582,Padang,-0.95,100.35,78.01,71,0,4.52,ID,1594850557
583,Gornyy,55.12,83.91,52.34,82,77,1.9,RU,1594850783
584,Wuwei,37.93,102.64,70.0,67,100,5.59,CN,1594850783
585,Darnah,32.77,22.64,74.77,77,0,15.97,LY,1594850739
586,Zeya,53.75,127.27,70.25,77,71,1.41,RU,1594850783
587,Razdolinsk,58.42,94.67,45.1,88,0,2.8,RU,1594850784
588,Mezhova,48.25,36.73,58.64,65,9,3.87,UA,1594850784
589,Nayoro,44.35,142.46,62.82,86,91,3.36,JP,1594850784
590,Cape Coast,5.11,-1.25,74.08,83,100,10.11,GH,1594850784
591,Sena Madureira,-9.07,-68.66,83.17,61,0,1.9,BR,1594850784
